USE sgq-quality-compliance;

-- DEPARTAMENT
INSERT INTO DEPARTAMENT (ID_DEPARTAMENT, DES_DEPARTAMENT, DES_LOCATION, DT_CREATION) VALUES (1, 'Production/Manufacturing', 'EUA', NOW());
INSERT INTO DEPARTAMENT (ID_DEPARTAMENT, DES_DEPARTAMENT, DES_LOCATION, DT_CREATION) VALUES (2, 'Maintenance and Utilities', 'EUA', NOW());
INSERT INTO DEPARTAMENT (ID_DEPARTAMENT, DES_DEPARTAMENT, DES_LOCATION, DT_CREATION) VALUES (3, 'Quality Assurance and Quality Systems', 'EUA', NOW());
INSERT INTO DEPARTAMENT (ID_DEPARTAMENT, DES_DEPARTAMENT, DES_LOCATION, DT_CREATION) VALUES (4, 'Supply Chain and Logistics', 'EUA', NOW());

-- PARTS
INSERT INTO PART (ID_PART, DES_NAME, DES_MODEL, NUM_SERIAL_NUMBER, DT_CREATION) VALUES (1, 'Fenders', 'Automotive Metal Stamping', 11111, NOW());
INSERT INTO PART (ID_PART, DES_NAME, DES_MODEL, NUM_SERIAL_NUMBER, DT_CREATION) VALUES (2, 'Tops', 'Automotive Metal Stamping', 22222, NOW());
INSERT INTO PART (ID_PART, DES_NAME, DES_MODEL, NUM_SERIAL_NUMBER, DT_CREATION) VALUES (3, 'Body Parts', 'Automotive Metal Stamping', 33333, NOW());
INSERT INTO PART (ID_PART, DES_NAME, DES_MODEL, NUM_SERIAL_NUMBER, DT_CREATION) VALUES (4, 'Axles', 'Transmissions and Powertrain', 44444, NOW());
INSERT INTO PART (ID_PART, DES_NAME, DES_MODEL, NUM_SERIAL_NUMBER, DT_CREATION) VALUES (5, 'Clutches', 'Transmissions and Powertrain', 55555, NOW());
INSERT INTO PART (ID_PART, DES_NAME, DES_MODEL, NUM_SERIAL_NUMBER, DT_CREATION) VALUES (6, 'Gears', 'Transmissions and Powertrain', 66666, NOW());
INSERT INTO PART (ID_PART, DES_NAME, DES_MODEL, NUM_SERIAL_NUMBER, DT_CREATION) VALUES (7, 'Bearings', 'Engines and Engine Parts', 77777, NOW());
INSERT INTO PART (ID_PART, DES_NAME, DES_MODEL, NUM_SERIAL_NUMBER, DT_CREATION) VALUES (8, 'Crankshafts', 'Engines and Engine Parts', 88888, NOW());
INSERT INTO PART (ID_PART, DES_NAME, DES_MODEL, NUM_SERIAL_NUMBER, DT_CREATION) VALUES (9, 'Gasoline Engines', 'Engines and Engine Parts', 99999, NOW());

-- VEHICLES
INSERT INTO VEHICLE (ID_VEHICLE, DES_NAME, DES_MODEL, DT_RELEASE, DT_CREATION) VALUES (1, 'SUV CAR', 'SUV-1234', NOW(), NOW());
INSERT INTO VEHICLE (ID_VEHICLE, DES_NAME, DES_MODEL, DT_RELEASE, DT_CREATION) VALUES (2, 'COMPACT CAR', 'COMP-1234', NOW(), NOW());
INSERT INTO VEHICLE (ID_VEHICLE, DES_NAME, DES_MODEL, DT_RELEASE, DT_CREATION) VALUES (3, 'SPORT CAR', 'SPORT-1234', NOW(), NOW());
INSERT INTO VEHICLE (ID_VEHICLE, DES_NAME, DES_MODEL, DT_RELEASE, DT_CREATION) VALUES (4, 'WAGON CAR', 'WAG-1234', NOW(), NOW());

-- ROLES
INSERT INTO `ROLE` (ID_ROLE, DES_NAME, DT_CREATION) VALUES (1, 'Tire technician', NOW());
INSERT INTO `ROLE` (ID_ROLE, DES_NAME, DT_CREATION) VALUES (2, 'Process engineer', NOW());
INSERT INTO `ROLE` (ID_ROLE, DES_NAME, DT_CREATION) VALUES (3, 'Vehicle inspector', NOW());
INSERT INTO `ROLE` (ID_ROLE, DES_NAME, DT_CREATION) VALUES (4, 'Quality testing engineer', NOW());
INSERT INTO `ROLE` (ID_ROLE, DES_NAME, DT_CREATION) VALUES (5, 'Auto body repair technician', NOW());

-- PROFILES
INSERT INTO PROFILE (ID_PROFILE, DES_PROFILE, DT_CREATION) VALUES (1, 'Super Admin', NOW());
INSERT INTO PROFILE (ID_PROFILE, DES_PROFILE, DT_CREATION) VALUES (2, 'Gestor', NOW());
INSERT INTO PROFILE (ID_PROFILE, DES_PROFILE, DT_CREATION) VALUES (3, 'Supervisor', NOW());
INSERT INTO PROFILE (ID_PROFILE, DES_PROFILE, DT_CREATION) VALUES (4, 'Dados', NOW());

-- USERS
INSERT INTO `USER` (ID_USER, DES_NAME, DES_EMAIL, DES_DOCUMENT, DES_PHONE, DES_GENRE, ID_ROLE, ID_DEPARTAMENT, DT_CREATION)
VALUES (1, 'Joseph', 'joseph@mail.com', '00000000', '000 000 000', 'MALE', 2, 1, NOW());
INSERT INTO `USER` (ID_USER, DES_NAME, DES_EMAIL, DES_DOCUMENT, DES_PHONE, DES_GENRE, ID_ROLE, ID_DEPARTAMENT, DT_CREATION)
VALUES (2, 'Jacob', 'jacob@mail.com', '11111111', '111 111 111', 'MALE', 1, 4, NOW());
INSERT INTO `USER` (ID_USER, DES_NAME, DES_EMAIL, DES_DOCUMENT, DES_PHONE, DES_GENRE, ID_ROLE, ID_DEPARTAMENT, DT_CREATION)
VALUES (3, 'Faith', 'faith@mail.com', '33333333', '333 333 333', 'FEMALE', 4, 3, NOW());
INSERT INTO `USER` (ID_USER, DES_NAME, DES_EMAIL, DES_DOCUMENT, DES_PHONE, DES_GENRE, ID_ROLE, ID_DEPARTAMENT, DT_CREATION)
VALUES (4, 'John', 'john@mail.com', '44444444', '444 444 444', 'MALE', 3, 1, NOW());

-- USER_PROFILES
INSERT INTO USER_PROFILE (ID_USER, ID_PROFILE) VALUES (1, 1);
INSERT INTO USER_PROFILE (ID_USER, ID_PROFILE) VALUES (2, 3);
INSERT INTO USER_PROFILE (ID_USER, ID_PROFILE) VALUES (3, 2);
INSERT INTO USER_PROFILE (ID_USER, ID_PROFILE) VALUES (4, 4);